top_k	condition	matched_panel	count	fraction	source
1	gaze_top1	1	57	0.019076305220883535	segments/gaze_heads_qwen25/runs/static_narration_top1_merged_0_500/qwen_judge/judgments.jsonl
1	gaze_top1	2	2448	0.8192771084337349	segments/gaze_heads_qwen25/runs/static_narration_top1_merged_0_500/qwen_judge/judgments.jsonl
1	gaze_top1	3	187	0.06258366800535475	segments/gaze_heads_qwen25/runs/static_narration_top1_merged_0_500/qwen_judge/judgments.jsonl
1	gaze_top1	4	28	0.009370816599732263	segments/gaze_heads_qwen25/runs/static_narration_top1_merged_0_500/qwen_judge/judgments.jsonl
1	gaze_top1	5	262	0.08768406961178045	segments/gaze_heads_qwen25/runs/static_narration_top1_merged_0_500/qwen_judge/judgments.jsonl
1	gaze_top1	6	6	0.002008032128514056	segments/gaze_heads_qwen25/runs/static_narration_top1_merged_0_500/qwen_judge/judgments.jsonl
1	non_gaze_1	1	35	0.011929107021131561	segments/gaze_heads_qwen25/runs/static_narration_top1_merged_0_500/qwen_judge/judgments.jsonl
1	non_gaze_1	2	2417	0.823790047716428	segments/gaze_heads_qwen25/runs/static_narration_top1_merged_0_500/qwen_judge/judgments.jsonl
1	non_gaze_1	3	181	0.06169052488070893	segments/gaze_heads_qwen25/runs/static_narration_top1_merged_0_500/qwen_judge/judgments.jsonl
1	non_gaze_1	4	23	0.007839127471029312	segments/gaze_heads_qwen25/runs/static_narration_top1_merged_0_500/qwen_judge/judgments.jsonl
1	non_gaze_1	5	272	0.09270620313565099	segments/gaze_heads_qwen25/runs/static_narration_top1_merged_0_500/qwen_judge/judgments.jsonl
1	non_gaze_1	6	6	0.002044989775051125	segments/gaze_heads_qwen25/runs/static_narration_top1_merged_0_500/qwen_judge/judgments.jsonl
5	gaze_top5	1	385	0.1290646999664767	segments/gaze_heads_qwen25/runs/static_narration_top5_merged_0_500/qwen_judge/judgments.jsonl
5	gaze_top5	2	2040	0.6838752933288635	segments/gaze_heads_qwen25/runs/static_narration_top5_merged_0_500/qwen_judge/judgments.jsonl
5	gaze_top5	3	178	0.05967147167281261	segments/gaze_heads_qwen25/runs/static_narration_top5_merged_0_500/qwen_judge/judgments.jsonl
5	gaze_top5	4	55	0.01843781428092524	segments/gaze_heads_qwen25/runs/static_narration_top5_merged_0_500/qwen_judge/judgments.jsonl
5	gaze_top5	5	309	0.10358699296010727	segments/gaze_heads_qwen25/runs/static_narration_top5_merged_0_500/qwen_judge/judgments.jsonl
5	gaze_top5	6	16	0.0053637277908146165	segments/gaze_heads_qwen25/runs/static_narration_top5_merged_0_500/qwen_judge/judgments.jsonl
5	non_gaze_5	1	197	0.06769759450171821	segments/gaze_heads_qwen25/runs/static_narration_top5_merged_0_500/qwen_judge/judgments.jsonl
5	non_gaze_5	2	1996	0.6859106529209622	segments/gaze_heads_qwen25/runs/static_narration_top5_merged_0_500/qwen_judge/judgments.jsonl
5	non_gaze_5	3	177	0.060824742268041236	segments/gaze_heads_qwen25/runs/static_narration_top5_merged_0_500/qwen_judge/judgments.jsonl
5	non_gaze_5	4	132	0.04536082474226804	segments/gaze_heads_qwen25/runs/static_narration_top5_merged_0_500/qwen_judge/judgments.jsonl
5	non_gaze_5	5	354	0.12164948453608247	segments/gaze_heads_qwen25/runs/static_narration_top5_merged_0_500/qwen_judge/judgments.jsonl
5	non_gaze_5	6	54	0.018556701030927835	segments/gaze_heads_qwen25/runs/static_narration_top5_merged_0_500/qwen_judge/judgments.jsonl
10	gaze_top10	1	401	0.13429336905559278	segments/gaze_heads_qwen25/runs/static_narration_top10_merged_0_500/qwen_judge/judgments.jsonl
10	gaze_top10	2	2031	0.6801741460147355	segments/gaze_heads_qwen25/runs/static_narration_top10_merged_0_500/qwen_judge/judgments.jsonl
10	gaze_top10	3	167	0.05592766242464836	segments/gaze_heads_qwen25/runs/static_narration_top10_merged_0_500/qwen_judge/judgments.jsonl
10	gaze_top10	4	56	0.018754186202277295	segments/gaze_heads_qwen25/runs/static_narration_top10_merged_0_500/qwen_judge/judgments.jsonl
10	gaze_top10	5	318	0.10649698593436034	segments/gaze_heads_qwen25/runs/static_narration_top10_merged_0_500/qwen_judge/judgments.jsonl
10	gaze_top10	6	13	0.004353650368385801	segments/gaze_heads_qwen25/runs/static_narration_top10_merged_0_500/qwen_judge/judgments.jsonl
10	non_gaze_10	1	377	0.12906538856555974	segments/gaze_heads_qwen25/runs/static_narration_top10_merged_0_500/qwen_judge/judgments.jsonl
10	non_gaze_10	2	1707	0.5843889079082506	segments/gaze_heads_qwen25/runs/static_narration_top10_merged_0_500/qwen_judge/judgments.jsonl
10	non_gaze_10	3	171	0.058541595344060254	segments/gaze_heads_qwen25/runs/static_narration_top10_merged_0_500/qwen_judge/judgments.jsonl
10	non_gaze_10	4	170	0.05819924683327628	segments/gaze_heads_qwen25/runs/static_narration_top10_merged_0_500/qwen_judge/judgments.jsonl
10	non_gaze_10	5	411	0.14070523793221498	segments/gaze_heads_qwen25/runs/static_narration_top10_merged_0_500/qwen_judge/judgments.jsonl
10	non_gaze_10	6	85	0.02909962341663814	segments/gaze_heads_qwen25/runs/static_narration_top10_merged_0_500/qwen_judge/judgments.jsonl
20	gaze_top20	1	922	0.3121191604603927	segments/gaze_heads_qwen25/runs/static_narration_top20_merged_0_500/qwen_judge/judgments.jsonl
20	gaze_top20	2	1434	0.4854434664861205	segments/gaze_heads_qwen25/runs/static_narration_top20_merged_0_500/qwen_judge/judgments.jsonl
20	gaze_top20	3	158	0.05348679756262695	segments/gaze_heads_qwen25/runs/static_narration_top20_merged_0_500/qwen_judge/judgments.jsonl
20	gaze_top20	4	64	0.021665538253215978	segments/gaze_heads_qwen25/runs/static_narration_top20_merged_0_500/qwen_judge/judgments.jsonl
20	gaze_top20	5	338	0.11442112389979689	segments/gaze_heads_qwen25/runs/static_narration_top20_merged_0_500/qwen_judge/judgments.jsonl
20	gaze_top20	6	38	0.012863913337846988	segments/gaze_heads_qwen25/runs/static_narration_top20_merged_0_500/qwen_judge/judgments.jsonl
20	non_gaze_20	1	75	0.02528658125421443	segments/gaze_heads_qwen25/runs/static_narration_top20_merged_0_500/qwen_judge/judgments.jsonl
20	non_gaze_20	2	2266	0.7639919082939987	segments/gaze_heads_qwen25/runs/static_narration_top20_merged_0_500/qwen_judge/judgments.jsonl
20	non_gaze_20	3	255	0.08597437626432906	segments/gaze_heads_qwen25/runs/static_narration_top20_merged_0_500/qwen_judge/judgments.jsonl
20	non_gaze_20	4	52	0.01753202966958867	segments/gaze_heads_qwen25/runs/static_narration_top20_merged_0_500/qwen_judge/judgments.jsonl
20	non_gaze_20	5	313	0.10552933243425489	segments/gaze_heads_qwen25/runs/static_narration_top20_merged_0_500/qwen_judge/judgments.jsonl
20	non_gaze_20	6	5	0.0016857720836142953	segments/gaze_heads_qwen25/runs/static_narration_top20_merged_0_500/qwen_judge/judgments.jsonl
