benchmark	condition	attention_alpha	top_k_gaze	is_baseline	seeds	n_seeds	mean_image_attention_mass_mean	mean_image_attention_mass_std	Acc_mean	Acc_std	Q_Acc_mean	Q_Acc_std	I_Acc_mean	I_Acc_std	G_Acc_mean	G_Acc_std	n_model_calls_mean	n_model_calls_std	n_groups_mean	n_groups_std	mean_boosted_layer_image_attention_mass_mean	mean_boosted_layer_image_attention_mass_std	mean_boosted_head_image_attention_mass_mean	mean_boosted_head_image_attention_mass_std	accuracy_mean	accuracy_std	bias_aligned_fraction_mean	bias_aligned_fraction_std	bias_aligned_error_rate_mean	bias_aligned_error_rate_std	error_rate_mean	error_rate_std	n_mean	n_std	mean_image_attention_mass_mean_delta_vs_baseline	accuracy_mean_delta_vs_baseline	bias_aligned_fraction_mean_delta_vs_baseline	bias_aligned_error_rate_mean_delta_vs_baseline	error_rate_mean_delta_vs_baseline	n_mean_delta_vs_baseline	Acc_mean_delta_vs_baseline	Q_Acc_mean_delta_vs_baseline	I_Acc_mean_delta_vs_baseline	G_Acc_mean_delta_vs_baseline	n_model_calls_mean_delta_vs_baseline	n_groups_mean_delta_vs_baseline
naturalbench	baseline	0.0	0	True	0,1,2,3,4,5,6,7,8,9	10	0.07000130392655061	0.00015964646578680685	0.5307499999999999	0.07164776882623615	0.233	0.09135401225756622	0.215	0.09536479667279979	0.024999999999999998	0.035039660069381064	400.0	0.0	100.0	0.0															0.0						0.0	0.0	0.0	0.0	0.0	0.0
naturalbench	gaze_top1_alpha0p25	0.25	1	False	0,1,2,3,4,5,6,7,8,9	10	0.07001623742112839	0.00016931917099913656	0.5282500000000001	0.07195725969089026	0.225	0.09246621004453463	0.21199999999999997	0.09381423725166192	0.025	0.03535533905932738	400.0	0.0	100.0	0.0	0.10586898876171044	0.0014856387437438428	0.8144940455361018	0.015117016984978865											1.4933494577776263e-05						-0.0024999999999998357	-0.008000000000000007	-0.0030000000000000304	3.469446951953614e-18	0.0	0.0
naturalbench	gaze_top1_alpha0p5	0.5	1	False	0,1,2,3,4,5,6,7,8,9	10	0.07007033280217992	0.00014161131813811932	0.53225	0.07014320668777872	0.2305	0.08989036532230679	0.21549999999999997	0.0945001469722549	0.022	0.03190262963734773	400.0	0.0	100.0	0.0	0.10765729678424676	0.0014696780822277505	0.8433932197119421	0.01428525061488364											6.902887562930393e-05						0.0015000000000000568	-0.0025000000000000022	0.0004999999999999727	-0.002999999999999999	0.0	0.0
naturalbench	gaze_top1_alpha1	1.0	1	False	0,1,2,3,4,5,6,7,8,9	10	0.07020875370472356	0.00017060082423886797	0.53175	0.07200549747530854	0.2305	0.09355479677707607	0.21799999999999997	0.09652863708650287	0.025	0.03274480450731417	400.0	0.0	100.0	0.0	0.11062689729315418	0.0013131180447403608	0.8904613032272088	0.011436222227859146											0.0002074497781729412						0.0010000000000000009	-0.0025000000000000022	0.002999999999999975	3.469446951953614e-18	0.0	0.0
naturalbench	gaze_top1_alpha2	2.0	1	False	0,1,2,3,4,5,6,7,8,9	10	0.07035929749085748	0.00016478380300656695	0.5297499999999999	0.07384715822411704	0.22949999999999998	0.09259979601609403	0.21200000000000002	0.09531235200352808	0.024	0.03306559138036599	400.0	0.0	100.0	0.0	0.11437660655573201	0.0010511241125245852	0.9515023144214185	0.006130190070482449											0.000357993564306866						-0.0010000000000000009	-0.003500000000000031	-0.002999999999999975	-0.0009999999999999974	0.0	0.0
naturalbench	gaze_top1_alpha5	5.0	1	False	0,1,2,3,4,5,6,7,8,9	10	0.07032041429016771	0.0001630228105970926	0.529	0.07405140856939259	0.22800000000000004	0.09345824973989425	0.20900000000000002	0.09541721251663372	0.024	0.03062315754094894	400.0	0.0	100.0	0.0	0.11723449681097257	0.0009403327770372604	0.9975530446414481	0.00044845238815004917											0.0003191103636170922						-0.0017499999999999183	-0.004999999999999977	-0.005999999999999978	-0.0009999999999999974	0.0	0.0
naturalbench	gaze_top1_alpha10	10.0	1	False	0,1,2,3,4,5,6,7,8,9	10	0.07034585169407015	0.00019053584504376825	0.532	0.07516463411886086	0.23200000000000004	0.09292171137277039	0.21300000000000002	0.09829660330968829	0.026000000000000002	0.032041639575194444	400.0	0.0	100.0	0.0	0.11742073643010438	0.0009264846721838327	1.0	0.0											0.00034454776751953464						0.0012500000000000844	-0.0009999999999999731	-0.001999999999999974	0.0010000000000000044	0.0	0.0
naturalbench	gaze_top5_alpha0p25	0.25	5	False	0,1,2,3,4,5,6,7,8,9	10	0.07048537434741294	0.00013323280576176615	0.5275	0.07311520589681282	0.22949999999999998	0.09358448351920075	0.21200000000000002	0.09761602782785667	0.025	0.03274480450731417	400.0	0.0	100.0	0.0	0.11011569703782857	0.0004122522750305792	0.3568520326738096	0.0034769267981787275											0.00048407042086232033						-0.003249999999999975	-0.003500000000000031	-0.002999999999999975	3.469446951953614e-18	0.0	0.0
naturalbench	gaze_top5_alpha0p5	0.5	5	False	0,1,2,3,4,5,6,7,8,9	10	0.07059502467363668	0.00016804016440957707	0.5319999999999999	0.07267507596601923	0.23149999999999998	0.09125818075962043	0.21600000000000003	0.09591083822430543	0.024	0.03339993346633427	400.0	0.0	100.0	0.0	0.11167433450898796	0.00046983162514963007	0.39096640132524235	0.0034508173693546668											0.0005937207470860656						0.0012499999999999734	-0.001500000000000029	0.0010000000000000286	-0.0009999999999999974	0.0	0.0
naturalbench	gaze_top5_alpha1	1.0	5	False	0,1,2,3,4,5,6,7,8,9	10	0.07140233443315094	0.0001795392598204964	0.53075	0.07085832892312503	0.227	0.08734351085735499	0.21000000000000002	0.09706813185707357	0.023	0.026267851073127395	400.0	0.0	100.0	0.0	0.11625128928362935	0.0004285371786458391	0.4657343654272291	0.002963897572308428											0.0014010305066003287						1.1102230246251565e-16	-0.006000000000000005	-0.004999999999999977	-0.0019999999999999983	0.0	0.0
naturalbench	gaze_top5_alpha2	2.0	5	False	0,1,2,3,4,5,6,7,8,9	10	0.07260048812938916	0.00016443430213585142	0.5329999999999999	0.07518310980532796	0.227	0.09478630937242173	0.21349999999999997	0.09913655004868566	0.023	0.031640339933558095	400.0	0.0	100.0	0.0	0.12511999599137025	0.000374005155211856	0.6223846616265543	0.0018791473016893268											0.002599184202838542						0.0022499999999999742	-0.006000000000000005	-0.001500000000000029	-0.0019999999999999983	0.0	0.0
naturalbench	gaze_top5_alpha5	5.0	5	False	0,1,2,3,4,5,6,7,8,9	10	0.07547781274887105	0.00013687625782763833	0.53325	0.07712768994048477	0.22600000000000003	0.09173633716012186	0.21550000000000002	0.1046010941094255	0.023	0.03128720008068618	400.0	0.0	100.0	0.0	0.1448385173242988	0.0003405296373804984	0.9454522406014668	0.0002790932374257592											0.005476508822320439						0.0025000000000000577	-0.0069999999999999785	0.0005000000000000282	-0.0019999999999999983	0.0	0.0
naturalbench	gaze_top5_alpha10	10.0	5	False	0,1,2,3,4,5,6,7,8,9	10	0.07591551783376264	0.00015114958684648249	0.5282500000000001	0.07684806438681459	0.2145	0.09420574410417988	0.209	0.10181137242742364	0.02	0.025385910352879695	400.0	0.0	100.0	0.0	0.14812491282818976	0.00032491965449255977	0.999774967049823	3.6956421701480263e-06											0.005914213907212029						-0.0024999999999998357	-0.018500000000000016	-0.006000000000000005	-0.0049999999999999975	0.0	0.0
naturalbench	gaze_top10_alpha0p25	0.25	10	False	0,1,2,3,4,5,6,7,8,9	10	0.07070367335135115	0.00017015116739696573	0.5297499999999999	0.07324284189522474	0.231	0.09527154174603594	0.21349999999999997	0.09681167284992032	0.024999999999999998	0.035039660069381064	400.0	0.0	100.0	0.0	0.119982734219282	0.00035743984939168674	0.3431199385690853	0.0025666672639120766											0.0007023694248005363						-0.0010000000000000009	-0.0020000000000000018	-0.001500000000000029	0.0	0.0	0.0
naturalbench	gaze_top10_alpha0p5	0.5	10	False	0,1,2,3,4,5,6,7,8,9	10	0.07139750924950547	0.00016467089123062436	0.5345	0.07655607966277618	0.23600000000000004	0.09912954487269005	0.221	0.10254538290706001	0.023999999999999997	0.035652645218989164	400.0	0.0	100.0	0.0	0.1234872778022412	0.00035421809852846696	0.38205199722658545	0.002340272644945148											0.0013962053229548549						0.003750000000000031	0.0030000000000000304	0.006000000000000005	-0.0010000000000000009	0.0	0.0
naturalbench	gaze_top10_alpha1	1.0	10	False	0,1,2,3,4,5,6,7,8,9	10	0.07293350936772014	0.0001526929051835979	0.53325	0.07614906798875189	0.2375	0.09472914604867455	0.221	0.1004932280747757	0.023	0.031640339933558095	400.0	0.0	100.0	0.0	0.13088041323596905	0.00037056645699011	0.46587022828895475	0.0021897081249976206											0.0029322054411695248						0.0025000000000000577	0.004499999999999976	0.006000000000000005	-0.0019999999999999983	0.0	0.0
naturalbench	gaze_top10_alpha2	2.0	10	False	0,1,2,3,4,5,6,7,8,9	10	0.07581161341506615	0.00013905269954477684	0.5382499999999999	0.07899586838703795	0.246	0.10346228513059455	0.23249999999999998	0.10269290790182803	0.027000000000000003	0.03560586718193756	400.0	0.0	100.0	0.0	0.14590929015840648	0.000300113261346269	0.6387279180455877	0.0015463871675914487											0.005810309488515533						0.007499999999999951	0.012999999999999984	0.017499999999999988	0.0020000000000000052	0.0	0.0
naturalbench	gaze_top10_alpha5	5.0	10	False	0,1,2,3,4,5,6,7,8,9	10	0.08092719994937726	0.00011793723493993508	0.5349999999999999	0.08401388774085708	0.2495	0.1111667916041277	0.2345	0.11203794000248309	0.027000000000000003	0.03973523485382827	400.0	0.0	100.0	0.0	0.17214003165443584	0.00023188889894435713	0.9528686697140467	0.00031417571812919487											0.010925896022826648						0.004249999999999976	0.016499999999999987	0.01949999999999999	0.0020000000000000052	0.0	0.0
naturalbench	gaze_top10_alpha10	10.0	10	False	0,1,2,3,4,5,6,7,8,9	10	0.08164100298739795	0.00011548434738662239	0.5342500000000001	0.0824204161600753	0.24800000000000005	0.11055918475338597	0.2305	0.10526289839149298	0.022	0.0322490309931942	400.0	0.0	100.0	0.0	0.17591912908119664	0.0002553286838845525	0.9998330351509355	5.6871605850774705e-06											0.01163969906084733						0.0035000000000001696	0.015000000000000041	0.015500000000000014	-0.002999999999999999	0.0	0.0
naturalbench	gaze_top20_alpha0p25	0.25	20	False	0,1,2,3,4,5,6,7,8,9	10	0.0713431016646415	0.00017704273875097644	0.536	0.07048640530863617	0.23900000000000005	0.08943650758436898	0.22099999999999995	0.09544631999192006	0.026000000000000002	0.037178249316263165	400.0	0.0	100.0	0.0	0.10979788698830303	0.0003389068657775263	0.3136247306760721	0.002456708811562715											0.0013417977380908858						0.005250000000000088	0.006000000000000033	0.00599999999999995	0.0010000000000000044	0.0	0.0
naturalbench	gaze_top20_alpha0p5	0.5	20	False	0,1,2,3,4,5,6,7,8,9	10	0.0725021172509627	0.0001549620933821251	0.5322500000000001	0.07487443192142132	0.23150000000000004	0.09207635720181134	0.21949999999999997	0.101034922455335	0.024999999999999998	0.0356682242650545	400.0	0.0	100.0	0.0	0.11500733694725973	0.00034530835793932467	0.351044775355655	0.0024971349849051533											0.002500813324412085						0.0015000000000001679	-0.0014999999999999736	0.004499999999999976	0.0	0.0	0.0
naturalbench	gaze_top20_alpha1	1.0	20	False	0,1,2,3,4,5,6,7,8,9	10	0.0754342196807272	0.00022091710526032904	0.5339999999999999	0.07336363010526553	0.23650000000000002	0.0952205043278203	0.22149999999999997	0.09620724158468183	0.023	0.029458068127047602	400.0	0.0	100.0	0.0	0.1268396603840274	0.0003341251365042947	0.4323164293477788	0.002290266834358667											0.005432915754176579						0.003249999999999975	0.003500000000000003	0.006499999999999978	-0.0019999999999999983	0.0	0.0
naturalbench	gaze_top20_alpha2	2.0	20	False	0,1,2,3,4,5,6,7,8,9	10	0.08123140293770487	0.00016036266696290824	0.52975	0.07210572869828796	0.238	0.09516652072376433	0.21999999999999997	0.09363047936792092	0.021	0.024244128727957576	400.0	0.0	100.0	0.0	0.15146538830626105	0.00028451894520080867	0.602945441035222	0.0016477615282599004											0.011230099011154251						-0.0009999999999998899	0.004999999999999977	0.004999999999999977	-0.003999999999999997	0.0	0.0
naturalbench	gaze_top20_alpha5	5.0	20	False	0,1,2,3,4,5,6,7,8,9	10	0.09195310829226817	0.00015788427000342872	0.5355000000000001	0.08052604823561409	0.24900000000000003	0.10640071010623524	0.23600000000000004	0.09879271228182775	0.030000000000000006	0.034641016151377546	400.0	0.0	100.0	0.0	0.19604520834475275	0.00017785460818506215	0.9396270280300149	0.00047796458563425663											0.02195180436571756						0.004750000000000143	0.016000000000000014	0.021000000000000046	0.005000000000000008	0.0	0.0
naturalbench	gaze_top20_alpha10	10.0	20	False	0,1,2,3,4,5,6,7,8,9	10	0.09344704740366414	0.00016330586968000136	0.53625	0.07971520487892438	0.24800000000000005	0.10488618169764362	0.2355	0.10234609041005045	0.025	0.030641293851417062	400.0	0.0	100.0	0.0	0.20247058415595878	0.0001867424642873597	0.9997092134438759	8.680616370423322e-06											0.02344574347711352						0.00550000000000006	0.015000000000000041	0.02049999999999999	3.469446951953614e-18	0.0	0.0
vlmbias	baseline	0.0	0	True	0,1,2,3,4,5,6,7,8,9	10	0.09308148761052161	0.00033035591041562316																	0.12149999999999998	0.012538828582536018	0.23174999999999998	0.016501262577956474	0.26377508062988186	0.017900304064568856	0.8785000000000001	0.012538828582535995	400.0	0.0	0.0	0.0	0.0	0.0	0.0	0.0						
vlmbias	gaze_top1_alpha0p25	0.25	1	False	0,1,2,3,4,5,6,7,8,9	10	0.09314811344110707	0.0003526794844582003													0.04781120631374099	0.0004256275793965806	0.4564857909982213	0.0029507453504195066	0.12475	0.012272937708633578	0.23224999999999998	0.017055872237378478	0.2652981567554495	0.018194889896579376	0.8752500000000001	0.01227293770863356	400.0	0.0	6.662583058546223e-05	0.0032500000000000168	0.0005000000000000004	0.001523076125567624	-0.003249999999999975	0.0						
vlmbias	gaze_top1_alpha0p5	0.5	1	False	0,1,2,3,4,5,6,7,8,9	10	0.09310138978665708	0.00034400907201577945													0.05028565112330665	0.0004217537157373031	0.49637624906435807	0.002886073624862999	0.123	0.014375905768565216	0.23325000000000004	0.01654329337089673	0.2658788767305952	0.016963828553606154	0.877	0.014375905768565211	400.0	0.0	1.9902176135469518e-05	0.0015000000000000152	0.0015000000000000568	0.0021037961007133177	-0.0015000000000000568	0.0						
vlmbias	gaze_top1_alpha1	1.0	1	False	0,1,2,3,4,5,6,7,8,9	10	0.0933169663765752	0.0004033352911134233													0.05507302857765074	0.0004923113490769002	0.5725918472219048	0.003954045632237631	0.12525	0.012880325220186709	0.23725000000000002	0.018121886705797993	0.2711823370315036	0.019752293786952545	0.87475	0.012880325220186683	400.0	0.0	0.00023547876605359286	0.003750000000000017	0.005500000000000033	0.007407256401621709	-0.003750000000000031	0.0						
vlmbias	gaze_top1_alpha2	2.0	1	False	0,1,2,3,4,5,6,7,8,9	10	0.09352076006311608	0.000375874521979832													0.06361469824122028	0.0005268539121747564	0.7079306714091269	0.003396718211803691	0.12424999999999997	0.01374621159932195	0.23750000000000004	0.014907119849998597	0.2711536688162079	0.015718684377341585	0.87575	0.013746211599321961	400.0	0.0	0.00043927245259446634	0.0027499999999999886	0.005750000000000061	0.007378588186326029	-0.00275000000000003	0.0						
vlmbias	gaze_top1_alpha5	5.0	1	False	0,1,2,3,4,5,6,7,8,9	10	0.0941120203325733	0.0003271837244915488													0.078122258278479	0.0003398704178635537	0.9379170946943309	0.0014904385582356532	0.12425	0.01296630247988994	0.23900000000000002	0.016507574019219182	0.2728744562781298	0.017772995293939574	0.87575	0.012966302479889932	400.0	0.0	0.0010305327220516969	0.0027500000000000163	0.007250000000000034	0.00909937564824792	-0.00275000000000003	0.0						
vlmbias	gaze_top1_alpha10	10.0	1	False	0,1,2,3,4,5,6,7,8,9	10	0.09423204804063376	0.0003582927944456581													0.08196773950277474	0.0002929733501556	0.9989787173140444	0.00016426360346173986	0.12274999999999998	0.013715866724345202	0.23875000000000002	0.018152517425659976	0.27214371784587266	0.020027900807216586	0.8772499999999999	0.013715866724345206	400.0	0.0	0.0011505604301121491	0.0012500000000000011	0.007000000000000034	0.008368637215990793	-0.0012500000000001954	0.0						
vlmbias	gaze_top5_alpha0p25	0.25	5	False	0,1,2,3,4,5,6,7,8,9	10	0.09326474342300133	0.00037908504170216416													0.1319260349676862	0.00034566169095347215	0.3523976845212387	0.0008632288340215089	0.12325	0.013593809865768563	0.23149999999999998	0.016380883167074155	0.26398112203112095	0.01716957281219327	0.87675	0.013593809865768563	400.0	0.0	0.00018325581247971567	0.0017500000000000154	-0.0002500000000000002	0.00020604140123908765	-0.0017500000000000293	0.0						
vlmbias	gaze_top5_alpha0p5	0.5	5	False	0,1,2,3,4,5,6,7,8,9	10	0.09369059238985451	0.00033276406469221793													0.13442645586565655	0.0002992411106529245	0.39296984393772666	0.0006188942662741816	0.12425	0.011245369417379464	0.23375000000000004	0.016635387314730944	0.26692259274245267	0.01877535909336997	0.87575	0.011245369417379438	400.0	0.0	0.000609104779332903	0.0027500000000000163	0.0020000000000000573	0.003147512112570805	-0.00275000000000003	0.0						
vlmbias	gaze_top5_alpha1	1.0	5	False	0,1,2,3,4,5,6,7,8,9	10	0.09412743610753876	0.00035411292701169697													0.13936542495659934	0.00036262183166960177	0.47923052668421456	0.0009525074264912581	0.12399999999999997	0.01286683937707919	0.23500000000000001	0.015500896031448564	0.26829552383591154	0.017677813713716045	0.876	0.012866839377079168	400.0	0.0	0.0010459484970171545	0.0024999999999999883	0.0032500000000000306	0.004520443206029678	-0.0025000000000000577	0.0						
vlmbias	gaze_top5_alpha2	2.0	5	False	0,1,2,3,4,5,6,7,8,9	10	0.09548378736970634	0.0003301498233427015													0.149610789246591	0.0003054139241444663	0.647645711826562	0.0008649218440010322	0.12350000000000001	0.015554563460426793	0.24100000000000002	0.013753787357185174	0.27499758320635453	0.015712844634384507	0.8764999999999998	0.015554563460426805	400.0	0.0	0.0024022997591847256	0.0020000000000000295	0.009250000000000036	0.01122250257647267	-0.002000000000000224	0.0						
vlmbias	gaze_top5_alpha5	5.0	5	False	0,1,2,3,4,5,6,7,8,9	10	0.09747724167723171	0.00042841438839918506													0.16721511440229647	0.0003286965932775226	0.9471424001544213	0.00022523543547231414	0.12450000000000001	0.013934369977385655	0.24225	0.013715866724345204	0.27666116708682476	0.014206286864459997	0.8755	0.013934369977385643	400.0	0.0	0.0043957540667100975	0.0030000000000000304	0.01050000000000001	0.012886086456942891	-0.0030000000000001137	0.0						
vlmbias	gaze_top5_alpha10	10.0	5	False	0,1,2,3,4,5,6,7,8,9	10	0.09798988604936786	0.00035693976087826075													0.17065128660991177	0.0002978060439774649	0.9996767699807787	2.9495968564941766e-05	0.12425000000000001	0.01190529760699459	0.23900000000000002	0.014586904324694045	0.2729267363368991	0.016577016305682923	0.87575	0.011905297606994571	400.0	0.0	0.004908398438846245	0.00275000000000003	0.007250000000000034	0.009151655707017259	-0.00275000000000003	0.0						
vlmbias	gaze_top10_alpha0p25	0.25	10	False	0,1,2,3,4,5,6,7,8,9	10	0.09371121195719859	0.0003808338015413587													0.1430664056819962	0.00046267896201257003	0.3500538539305892	0.0008304489467191791	0.127	0.013478377746103816	0.233	0.01499073788117924	0.26684072976772566	0.01559969050573995	0.873	0.013478377746103812	400.0	0.0	0.000629724346676977	0.005500000000000019	0.0012500000000000289	0.0030656491378437956	-0.00550000000000006	0.0						
vlmbias	gaze_top10_alpha0p5	0.5	10	False	0,1,2,3,4,5,6,7,8,9	10	0.09457963393122583	0.00038420054270929787													0.1469661201335551	0.00042050613598113403	0.3926699948908341	0.0005541685169139906	0.1255	0.013218253372598902	0.23700000000000002	0.015266157196739318	0.27096457947080604	0.01602185112330053	0.8744999999999999	0.013218253372598894	400.0	0.0	0.001498146320704219	0.004000000000000017	0.005250000000000032	0.00718949884092418	-0.004000000000000115	0.0						
vlmbias	gaze_top10_alpha1	1.0	10	False	0,1,2,3,4,5,6,7,8,9	10	0.09592036501636221	0.00036706932455724797													0.15452023114704422	0.00048048010247745456	0.48283825015729986	0.0007881869209503515	0.1285	0.013343745934165397	0.23550000000000004	0.01640629960309962	0.2702250974611645	0.01834596274671283	0.8714999999999999	0.013343745934165391	400.0	0.0	0.0028388774058406008	0.00700000000000002	0.003750000000000059	0.006450016831282657	-0.007000000000000117	0.0						
vlmbias	gaze_top10_alpha2	2.0	10	False	0,1,2,3,4,5,6,7,8,9	10	0.09890527436409438	0.00034042814807955674													0.1699761093066078	0.0003867041415573609	0.6595460043576205	0.0008409160769461205	0.12675	0.011245369417379464	0.24425	0.013072978917514477	0.27969245060512055	0.01426310648266185	0.87325	0.011245369417379462	400.0	0.0	0.005823786753572771	0.0052500000000000185	0.012500000000000011	0.015917369975238682	-0.005250000000000088	0.0						
vlmbias	gaze_top10_alpha5	5.0	10	False	0,1,2,3,4,5,6,7,8,9	10	0.10323887299359762	0.0002773070204652247													0.1934168990554877	0.00026312431393403995	0.953761362236761	0.00022171153321670284	0.12825000000000003	0.013335937245736507	0.24174999999999996	0.013072978917514471	0.27725603243408176	0.013114287647730174	0.8717499999999999	0.013335937245736498	400.0	0.0	0.010157385383076006	0.006750000000000048	0.009999999999999981	0.013480951804199892	-0.006750000000000145	0.0						
vlmbias	gaze_top10_alpha10	10.0	10	False	0,1,2,3,4,5,6,7,8,9	10	0.10396858410772361	0.00032896284677952576													0.19712152789136433	0.00033190044119790806	0.9997524080846094	1.8896537215611118e-05	0.12925	0.013125992026001948	0.23575	0.011905297606994589	0.27070179818087453	0.012135573273181384	0.8707499999999999	0.013125992026001941	400.0	0.0	0.010887096497202	0.007750000000000021	0.0040000000000000036	0.006926717550992667	-0.007750000000000146	0.0						
vlmbias	gaze_top20_alpha0p25	0.25	20	False	0,1,2,3,4,5,6,7,8,9	10	0.0942445092034743	0.00038785406318676894													0.13168147812183859	0.0003244726046647261	0.33734072689178757	0.0007135836435471323	0.125	0.01317615691736825	0.23275	0.013916916165428159	0.2659580162404181	0.014462324374799187	0.875	0.013176156917368245	400.0	0.0	0.0011630215929526871	0.003500000000000017	0.0010000000000000286	0.0021829356105362296	-0.0035000000000000586	0.0						
vlmbias	gaze_top20_alpha0p5	0.5	20	False	0,1,2,3,4,5,6,7,8,9	10	0.09551136065639262	0.000351803660594933													0.13736886682218968	0.0002891693416246481	0.3787539371323127	0.000632391934231683	0.12374999999999999	0.013856907623596577	0.23725000000000002	0.013715866724345206	0.27070057271825326	0.013976984008344951	0.8762500000000001	0.013856907623596575	400.0	0.0	0.0024298730458710144	0.002250000000000002	0.005500000000000033	0.006925492088371399	-0.0022499999999999742	0.0						
vlmbias	gaze_top20_alpha1	1.0	20	False	0,1,2,3,4,5,6,7,8,9	10	0.09826128282939713	0.00033361177491133376													0.14957260071477657	0.00030704124817386983	0.46811663185882857	0.0008892051306115888	0.12774999999999997	0.012717551301689771	0.23625000000000002	0.013756311682682647	0.270903371787726	0.01613515186065111	0.87225	0.012717551301689757	400.0	0.0	0.005179795218875516	0.006249999999999992	0.004500000000000032	0.0071282911578441355	-0.006250000000000089	0.0						
vlmbias	gaze_top20_alpha2	2.0	20	False	0,1,2,3,4,5,6,7,8,9	10	0.103744294586911	0.0002881100889601657													0.17297273218312748	0.0002883502343399591	0.6439138808133982	0.00064939441601862	0.131	0.012703892666773006	0.23725000000000002	0.014213159004559436	0.27301126747615606	0.015658751711772757	0.869	0.012703892666772985	400.0	0.0	0.010662806976389397	0.009500000000000022	0.005500000000000033	0.009236186846274197	-0.009500000000000064	0.0						
vlmbias	gaze_top20_alpha5	5.0	20	False	0,1,2,3,4,5,6,7,8,9	10	0.11183052859832021	0.00029764606229648876													0.21021061768751798	0.000222619671861111	0.9501317629470643	0.00028700080953366193	0.12200000000000003	0.011714188927203719	0.22100000000000003	0.015329709716755888	0.25169070410912336	0.016788694560977865	0.8779999999999999	0.011714188927203686	400.0	0.0	0.0187490409877986	0.0005000000000000421	-0.010749999999999954	-0.0120843765207585	-0.000500000000000167	0.0						
vlmbias	gaze_top20_alpha10	10.0	20	False	0,1,2,3,4,5,6,7,8,9	10	0.11289938630122028	0.0003094704034060915													0.21554521879289207	0.00020463979018667911	0.999749313196529	8.069951526865793e-06	0.12325	0.019757206842623838	0.21400000000000002	0.01308094458023239	0.24404831829862697	0.013287240462924604	0.87675	0.01975720684262385	400.0	0.0	0.019817898690698665	0.0017500000000000154	-0.01774999999999996	-0.019726762331254893	-0.0017500000000000293	0.0						
